{
  "matrix_size_scaling": {
    "sizes": [
      256,
      512,
      1024,
      2048,
      4096,
      8192
    ],
    "baseline_times": [
      0.017276,
      0.075969,
      0.317695,
      1.375462,
      5.862697,
      23.252275
    ],
    "optimized_times": [
      0.000322249,
      0.000677672,
      0.00183418,
      0.00600246,
      0.011846,
      0.0254046
    ],
    "speedups": [
      53.61071717833104,
      112.10290524029323,
      173.20819112627987,
      229.14971528340047,
      494.9094209015701,
      915.2781386048197
    ]
  },
  "thread_scaling": {
    "threads": [
      1,
      2,
      4,
      8,
      16,
      32,
      48,
      64,
      72,
      88,
      96,
      128,
      144,
      160,
      176,
      192,
      208,
      224,
      240,
      256
    ],
    "baseline_times": [
      1.404385,
      1.39936,
      1.412076,
      1.385663,
      1.390841,
      1.380202,
      1.387924,
      1.402897,
      1.384095,
      1.384017,
      1.394976,
      1.403656,
      1.355183,
      1.498911,
      1.376792,
      1.379379,
      1.379472,
      1.343008,
      1.346335,
      1.3622
    ],
    "optimized_times": [
      0.00661609,
      0.00486369,
      0.0048521,
      0.00508125,
      0.00585698,
      0.00584001,
      0.00652495,
      0.00705658,
      0.00744259,
      0.00776917,
      0.00813549,
      0.00854896,
      0.00965517,
      0.00967152,
      0.0108569,
      0.0110739,
      0.0115071,
      0.0120019,
      0.0122209,
      0.0126629
    ],
    "speedups": [
      212.2681221083752,
      287.71570556511614,
      291.0236804682509,
      272.70120541205415,
      237.46726128482595,
      236.3355542199414,
      212.71028896773154,
      198.80692913564363,
      185.96953479904175,
      178.14219536964697,
      171.46797549993914,
      164.19026407890553,
      140.3582743752829,
      154.9819469948881,
      126.81262607189899,
      124.56126567875816,
      119.88007404124411,
      111.8996158941501,
      110.16659984125556,
      107.57409440175633
    ]
  }
}